Area,Year,Age_Group,Count
Busan,2012,30-39 Years old,126565
Busan,2012,40-49 Years old,203909
Busan,2012,50-59 Years old,249395
Busan,2012,60-69 Years old,163349
Busan,2012,70-79 Years old,82635
Busan,2012,80 years and over,15379
Busan,2012,Under 30 years,19094
Busan,2012,dead,14166
Busan,2013,30-39 Years old,123796
Busan,2013,40-49 Years old,206055
Busan,2013,50-59 Years old,259126
Busan,2013,60-69 Years old,174590
Busan,2013,70-79 Years old,95219
Busan,2013,80 years and over,18793
Busan,2013,Under 30 years,17269
Busan,2013,dead,15037
Busan,2014,30-39 Years old,121996
Busan,2014,40-49 Years old,208578
Busan,2014,50-59 Years old,257764
Busan,2014,60-69 Years old,181462
Busan,2014,70-79 Years old,100365
Busan,2014,80 years and over,20616
Busan,2014,Under 30 years,16180
Busan,2014,dead,16095
Busan,2015,30-39 Years old,122574
Busan,2015,40-49 Years old,211192
Busan,2015,50-59 Years old,256893
Busan,2015,60-69 Years old,196100
Busan,2015,70-79 Years old,105793
Busan,2015,80 years and over,24128
Busan,2015,Under 30 years,17804
Busan,2015,dead,15719
Busan,2016,30-39 Years old,121982
Busan,2016,40-49 Years old,210121
Busan,2016,50-59 Years old,254641
Busan,2016,60-69 Years old,205148
Busan,2016,70-79 Years old,107689
Busan,2016,80 years and over,27157
Busan,2016,Under 30 years,16970
Busan,2016,dead,15710
Busan,2017,30-39 Years old,118460
Busan,2017,40-49 Years old,208817
Busan,2017,50-59 Years old,252548
Busan,2017,60-69 Years old,214267
Busan,2017,70-79 Years old,115600
Busan,2017,80 years and over,30924
Busan,2017,Under 30 years,16588
Busan,2017,dead,16389
Busan,2018,30-39 Years old,112119
Busan,2018,40-49 Years old,205127
Busan,2018,50-59 Years old,251782
Busan,2018,60-69 Years old,220893
Busan,2018,70-79 Years old,122835
Busan,2018,80 years and over,34926
Busan,2018,Under 30 years,15375
Busan,2018,dead,17367
Busan,2019,30-39 Years old,103194
Busan,2019,40-49 Years old,202929
Busan,2019,50-59 Years old,249838
Busan,2019,60-69 Years old,229175
Busan,2019,70-79 Years old,129547
Busan,2019,80 years and over,39629
Busan,2019,Under 30 years,14107
Busan,2019,dead,18557
Busan,2020,30-39 Years old,97286
Busan,2020,40-49 Years old,204662
Busan,2020,50-59 Years old,246238
Busan,2020,60-69 Years old,240931
Busan,2020,70-79 Years old,135123
Busan,2020,80 years and over,44323
Busan,2020,Under 30 years,14337
Busan,2020,dead,19006
Busan,2021,30-39 Years old,94141
Busan,2021,40-49 Years old,204191
Busan,2021,50-59 Years old,243735
Busan,2021,60-69 Years old,253198
Busan,2021,70-79 Years old,139640
Busan,2021,80 years and over,49490
Busan,2021,Under 30 years,16372
Busan,2021,dead,18329
Busan,2022,30-39 Years old,88663
Busan,2022,40-49 Years old,201989
Busan,2022,50-59 Years old,242329
Busan,2022,60-69 Years old,258354
Busan,2022,70-79 Years old,146791
Busan,2022,80 years and over,56513
Busan,2022,Under 30 years,15960
Busan,2022,dead,19586
Busan,2023,30-39 Years old,84989
Busan,2023,40-49 Years old,202455
Busan,2023,50-59 Years old,245421
Busan,2023,60-69 Years old,266290
Busan,2023,70-79 Years old,154637
Busan,2023,80 years and over,63039
Busan,2023,Under 30 years,14460
Busan,2023,dead,19970
Chungcheongbuk-do,2012,30-39 Years old,59838
Chungcheongbuk-do,2012,40-49 Years old,93530
Chungcheongbuk-do,2012,50-59 Years old,98469
Chungcheongbuk-do,2012,60-69 Years old,60288
Chungcheongbuk-do,2012,70-79 Years old,42312
Chungcheongbuk-do,2012,80 years and over,9693
Chungcheongbuk-do,2012,Under 30 years,9237
Chungcheongbuk-do,2012,dead,12341
Chungcheongbuk-do,2013,30-39 Years old,59327
Chungcheongbuk-do,2013,40-49 Years old,96704
Chungcheongbuk-do,2013,50-59 Years old,103009
Chungcheongbuk-do,2013,60-69 Years old,63556
Chungcheongbuk-do,2013,70-79 Years old,45671
Chungcheongbuk-do,2013,80 years and over,11346
Chungcheongbuk-do,2013,Under 30 years,8394
Chungcheongbuk-do,2013,dead,13416
Chungcheongbuk-do,2014,30-39 Years old,57621
Chungcheongbuk-do,2014,40-49 Years old,98636
Chungcheongbuk-do,2014,50-59 Years old,103913
Chungcheongbuk-do,2014,60-69 Years old,66236
Chungcheongbuk-do,2014,70-79 Years old,45956
Chungcheongbuk-do,2014,80 years and over,11274
Chungcheongbuk-do,2014,Under 30 years,8117
Chungcheongbuk-do,2014,dead,15081
Chungcheongbuk-do,2015,30-39 Years old,57414
Chungcheongbuk-do,2015,40-49 Years old,99532
Chungcheongbuk-do,2015,50-59 Years old,106136
Chungcheongbuk-do,2015,60-69 Years old,69810
Chungcheongbuk-do,2015,70-79 Years old,45046
Chungcheongbuk-do,2015,80 years and over,12453
Chungcheongbuk-do,2015,Under 30 years,9364
Chungcheongbuk-do,2015,dead,14781
Chungcheongbuk-do,2016,30-39 Years old,55380
Chungcheongbuk-do,2016,40-49 Years old,99235
Chungcheongbuk-do,2016,50-59 Years old,109299
Chungcheongbuk-do,2016,60-69 Years old,76707
Chungcheongbuk-do,2016,70-79 Years old,46837
Chungcheongbuk-do,2016,80 years and over,14734
Chungcheongbuk-do,2016,Under 30 years,8154
Chungcheongbuk-do,2016,dead,15926
Chungcheongbuk-do,2017,30-39 Years old,53726
Chungcheongbuk-do,2017,40-49 Years old,99499
Chungcheongbuk-do,2017,50-59 Years old,112553
Chungcheongbuk-do,2017,60-69 Years old,83781
Chungcheongbuk-do,2017,70-79 Years old,50509
Chungcheongbuk-do,2017,80 years and over,17219
Chungcheongbuk-do,2017,Under 30 years,7929
Chungcheongbuk-do,2017,dead,16580
Chungcheongbuk-do,2018,30-39 Years old,53446
Chungcheongbuk-do,2018,40-49 Years old,98949
Chungcheongbuk-do,2018,50-59 Years old,115498
Chungcheongbuk-do,2018,60-69 Years old,89050
Chungcheongbuk-do,2018,70-79 Years old,52064
Chungcheongbuk-do,2018,80 years and over,19846
Chungcheongbuk-do,2018,Under 30 years,8448
Chungcheongbuk-do,2018,dead,15747
Chungcheongbuk-do,2019,30-39 Years old,53270
Chungcheongbuk-do,2019,40-49 Years old,99145
Chungcheongbuk-do,2019,50-59 Years old,120105
Chungcheongbuk-do,2019,60-69 Years old,95320
Chungcheongbuk-do,2019,70-79 Years old,54017
Chungcheongbuk-do,2019,80 years and over,22319
Chungcheongbuk-do,2019,Under 30 years,8596
Chungcheongbuk-do,2019,dead,16594
Chungcheongbuk-do,2020,30-39 Years old,52281
Chungcheongbuk-do,2020,40-49 Years old,99825
Chungcheongbuk-do,2020,50-59 Years old,121707
Chungcheongbuk-do,2020,60-69 Years old,103199
Chungcheongbuk-do,2020,70-79 Years old,55469
Chungcheongbuk-do,2020,80 years and over,24319
Chungcheongbuk-do,2020,Under 30 years,9023
Chungcheongbuk-do,2020,dead,16948
Chungcheongbuk-do,2021,30-39 Years old,50632
Chungcheongbuk-do,2021,40-49 Years old,98494
Chungcheongbuk-do,2021,50-59 Years old,121898
Chungcheongbuk-do,2021,60-69 Years old,113736
Chungcheongbuk-do,2021,70-79 Years old,56323
Chungcheongbuk-do,2021,80 years and over,26626
Chungcheongbuk-do,2021,Under 30 years,9427
Chungcheongbuk-do,2021,dead,16230
Chungcheongbuk-do,2022,30-39 Years old,47183
Chungcheongbuk-do,2022,40-49 Years old,98013
Chungcheongbuk-do,2022,50-59 Years old,122193
Chungcheongbuk-do,2022,60-69 Years old,118519
Chungcheongbuk-do,2022,70-79 Years old,59342
Chungcheongbuk-do,2022,80 years and over,29426
Chungcheongbuk-do,2022,Under 30 years,8834
Chungcheongbuk-do,2022,dead,16192
Chungcheongbuk-do,2023,30-39 Years old,46355
Chungcheongbuk-do,2023,40-49 Years old,97472
Chungcheongbuk-do,2023,50-59 Years old,125774
Chungcheongbuk-do,2023,60-69 Years old,123909
Chungcheongbuk-do,2023,70-79 Years old,62231
Chungcheongbuk-do,2023,80 years and over,31366
Chungcheongbuk-do,2023,Under 30 years,8448
Chungcheongbuk-do,2023,dead,16094
Chungcheongnam-do,2012,30-39 Years old,74652
Chungcheongnam-do,2012,40-49 Years old,109195
Chungcheongnam-do,2012,50-59 Years old,110639
Chungcheongnam-do,2012,60-69 Years old,76934
Chungcheongnam-do,2012,70-79 Years old,58976
Chungcheongnam-do,2012,80 years and over,15490
Chungcheongnam-do,2012,Under 30 years,11168
Chungcheongnam-do,2012,dead,19448
Chungcheongnam-do,2013,30-39 Years old,73508
Chungcheongnam-do,2013,40-49 Years old,112831
Chungcheongnam-do,2013,50-59 Years old,117645
Chungcheongnam-do,2013,60-69 Years old,80990
Chungcheongnam-do,2013,70-79 Years old,63375
Chungcheongnam-do,2013,80 years and over,18701
Chungcheongnam-do,2013,Under 30 years,10145
Chungcheongnam-do,2013,dead,21456
Chungcheongnam-do,2014,30-39 Years old,77567
Chungcheongnam-do,2014,40-49 Years old,118609
Chungcheongnam-do,2014,50-59 Years old,120549
Chungcheongnam-do,2014,60-69 Years old,84480
Chungcheongnam-do,2014,70-79 Years old,64944
Chungcheongnam-do,2014,80 years and over,19922
Chungcheongnam-do,2014,Under 30 years,11085
Chungcheongnam-do,2014,dead,23563
Chungcheongnam-do,2015,30-39 Years old,78218
Chungcheongnam-do,2015,40-49 Years old,121537
Chungcheongnam-do,2015,50-59 Years old,123915
Chungcheongnam-do,2015,60-69 Years old,89743
Chungcheongnam-do,2015,70-79 Years old,62858
Chungcheongnam-do,2015,80 years and over,21339
Chungcheongnam-do,2015,Under 30 years,13150
Chungcheongnam-do,2015,dead,22663
Chungcheongnam-do,2016,30-39 Years old,81183
Chungcheongnam-do,2016,40-49 Years old,125669
Chungcheongnam-do,2016,50-59 Years old,127612
Chungcheongnam-do,2016,60-69 Years old,96867
Chungcheongnam-do,2016,70-79 Years old,63410
Chungcheongnam-do,2016,80 years and over,24300
Chungcheongnam-do,2016,Under 30 years,12596
Chungcheongnam-do,2016,dead,23834
Chungcheongnam-do,2017,30-39 Years old,81758
Chungcheongnam-do,2017,40-49 Years old,129937
Chungcheongnam-do,2017,50-59 Years old,133135
Chungcheongnam-do,2017,60-69 Years old,104125
Chungcheongnam-do,2017,70-79 Years old,69053
Chungcheongnam-do,2017,80 years and over,28819
Chungcheongnam-do,2017,Under 30 years,12211
Chungcheongnam-do,2017,dead,24792
Chungcheongnam-do,2018,30-39 Years old,82991
Chungcheongnam-do,2018,40-49 Years old,132395
Chungcheongnam-do,2018,50-59 Years old,139334
Chungcheongnam-do,2018,60-69 Years old,109384
Chungcheongnam-do,2018,70-79 Years old,71518
Chungcheongnam-do,2018,80 years and over,32606
Chungcheongnam-do,2018,Under 30 years,12327
Chungcheongnam-do,2018,dead,23961
Chungcheongnam-do,2019,30-39 Years old,81142
Chungcheongnam-do,2019,40-49 Years old,134434
Chungcheongnam-do,2019,50-59 Years old,144477
Chungcheongnam-do,2019,60-69 Years old,114915
Chungcheongnam-do,2019,70-79 Years old,73926
Chungcheongnam-do,2019,80 years and over,35399
Chungcheongnam-do,2019,Under 30 years,11941
Chungcheongnam-do,2019,dead,23917
Chungcheongnam-do,2020,30-39 Years old,76220
Chungcheongnam-do,2020,40-49 Years old,136126
Chungcheongnam-do,2020,50-59 Years old,146755
Chungcheongnam-do,2020,60-69 Years old,124144
Chungcheongnam-do,2020,70-79 Years old,77481
Chungcheongnam-do,2020,80 years and over,38008
Chungcheongnam-do,2020,Under 30 years,11804
Chungcheongnam-do,2020,dead,24077
Chungcheongnam-do,2021,30-39 Years old,71449
Chungcheongnam-do,2021,40-49 Years old,135863
Chungcheongnam-do,2021,50-59 Years old,148831
Chungcheongnam-do,2021,60-69 Years old,135131
Chungcheongnam-do,2021,70-79 Years old,78814
Chungcheongnam-do,2021,80 years and over,39809
Chungcheongnam-do,2021,Under 30 years,12227
Chungcheongnam-do,2021,dead,24202
Chungcheongnam-do,2022,30-39 Years old,66061
Chungcheongnam-do,2022,40-49 Years old,136839
Chungcheongnam-do,2022,50-59 Years old,151587
Chungcheongnam-do,2022,60-69 Years old,141276
Chungcheongnam-do,2022,70-79 Years old,79965
Chungcheongnam-do,2022,80 years and over,42304
Chungcheongnam-do,2022,Under 30 years,11383
Chungcheongnam-do,2022,dead,24669
Chungcheongnam-do,2023,30-39 Years old,63598
Chungcheongnam-do,2023,40-49 Years old,137452
Chungcheongnam-do,2023,50-59 Years old,157558
Chungcheongnam-do,2023,60-69 Years old,149798
Chungcheongnam-do,2023,70-79 Years old,83290
Chungcheongnam-do,2023,80 years and over,44704
Chungcheongnam-do,2023,Under 30 years,10598
Chungcheongnam-do,2023,dead,25091
Daegu,2012,30-39 Years old,90101
Daegu,2012,40-49 Years old,159545
Daegu,2012,50-59 Years old,159789
Daegu,2012,60-69 Years old,98363
Daegu,2012,70-79 Years old,55576
Daegu,2012,80 years and over,11170
Daegu,2012,Under 30 years,11641
Daegu,2012,dead,8108
Daegu,2013,30-39 Years old,89773
Daegu,2013,40-49 Years old,161476
Daegu,2013,50-59 Years old,164894
Daegu,2013,60-69 Years old,102672
Daegu,2013,70-79 Years old,60641
Daegu,2013,80 years and over,13013
Daegu,2013,Under 30 years,10947
Daegu,2013,dead,8474
Daegu,2014,30-39 Years old,87882
Daegu,2014,40-49 Years old,163950
Daegu,2014,50-59 Years old,169137
Daegu,2014,60-69 Years old,106520
Daegu,2014,70-79 Years old,62886
Daegu,2014,80 years and over,13919
Daegu,2014,Under 30 years,10214
Daegu,2014,dead,8893
Daegu,2015,30-39 Years old,85017
Daegu,2015,40-49 Years old,163718
Daegu,2015,50-59 Years old,172457
Daegu,2015,60-69 Years old,115349
Daegu,2015,70-79 Years old,65519
Daegu,2015,80 years and over,16574
Daegu,2015,Under 30 years,10979
Daegu,2015,dead,9622
Daegu,2016,30-39 Years old,84104
Daegu,2016,40-49 Years old,164066
Daegu,2016,50-59 Years old,175563
Daegu,2016,60-69 Years old,123203
Daegu,2016,70-79 Years old,66796
Daegu,2016,80 years and over,19040
Daegu,2016,Under 30 years,10384
Daegu,2016,dead,9870
Daegu,2017,30-39 Years old,84329
Daegu,2017,40-49 Years old,165173
Daegu,2017,50-59 Years old,179524
Daegu,2017,60-69 Years old,129745
Daegu,2017,70-79 Years old,70855
Daegu,2017,80 years and over,21476
Daegu,2017,Under 30 years,10968
Daegu,2017,dead,9614
Daegu,2018,30-39 Years old,83708
Daegu,2018,40-49 Years old,162038
Daegu,2018,50-59 Years old,184010
Daegu,2018,60-69 Years old,133976
Daegu,2018,70-79 Years old,74500
Daegu,2018,80 years and over,24030
Daegu,2018,Under 30 years,11174
Daegu,2018,dead,9987
Daegu,2019,30-39 Years old,79337
Daegu,2019,40-49 Years old,159955
Daegu,2019,50-59 Years old,185774
Daegu,2019,60-69 Years old,139873
Daegu,2019,70-79 Years old,78287
Daegu,2019,80 years and over,27019
Daegu,2019,Under 30 years,10932
Daegu,2019,dead,9593
Daegu,2020,30-39 Years old,73946
Daegu,2020,40-49 Years old,157668
Daegu,2020,50-59 Years old,186209
Daegu,2020,60-69 Years old,148216
Daegu,2020,70-79 Years old,81304
Daegu,2020,80 years and over,29957
Daegu,2020,Under 30 years,10879
Daegu,2020,dead,9935
Daegu,2021,30-39 Years old,70239
Daegu,2021,40-49 Years old,155283
Daegu,2021,50-59 Years old,186623
Daegu,2021,60-69 Years old,158022
Daegu,2021,70-79 Years old,83923
Daegu,2021,80 years and over,33459
Daegu,2021,Under 30 years,11501
Daegu,2021,dead,10050
Daegu,2022,30-39 Years old,65316
Daegu,2022,40-49 Years old,153519
Daegu,2022,50-59 Years old,187803
Daegu,2022,60-69 Years old,162878
Daegu,2022,70-79 Years old,88265
Daegu,2022,80 years and over,37956
Daegu,2022,Under 30 years,10505
Daegu,2022,dead,11022
Daegu,2023,30-39 Years old,63134
Daegu,2023,40-49 Years old,151492
Daegu,2023,50-59 Years old,192717
Daegu,2023,60-69 Years old,172354
Daegu,2023,70-79 Years old,94915
Daegu,2023,80 years and over,43420
Daegu,2023,Under 30 years,9802
Daegu,2023,dead,12942
Daejeon,2012,30-39 Years old,63974
Daejeon,2012,40-49 Years old,100457
Daejeon,2012,50-59 Years old,95804
Daejeon,2012,60-69 Years old,51609
Daejeon,2012,70-79 Years old,28486
Daejeon,2012,80 years and over,5993
Daejeon,2012,Under 30 years,9047
Daejeon,2012,dead,3700
Daejeon,2013,30-39 Years old,60891
Daejeon,2013,40-49 Years old,102219
Daejeon,2013,50-59 Years old,99050
Daejeon,2013,60-69 Years old,54267
Daejeon,2013,70-79 Years old,30873
Daejeon,2013,80 years and over,6940
Daejeon,2013,Under 30 years,7962
Daejeon,2013,dead,3918
Daejeon,2014,30-39 Years old,60169
Daejeon,2014,40-49 Years old,106227
Daejeon,2014,50-59 Years old,102718
Daejeon,2014,60-69 Years old,58302
Daejeon,2014,70-79 Years old,32776
Daejeon,2014,80 years and over,7832
Daejeon,2014,Under 30 years,7841
Daejeon,2014,dead,4155
Daejeon,2015,30-39 Years old,59323
Daejeon,2015,40-49 Years old,107544
Daejeon,2015,50-59 Years old,104738
Daejeon,2015,60-69 Years old,63858
Daejeon,2015,70-79 Years old,34584
Daejeon,2015,80 years and over,9227
Daejeon,2015,Under 30 years,8237
Daejeon,2015,dead,4009
Daejeon,2016,30-39 Years old,56647
Daejeon,2016,40-49 Years old,107383
Daejeon,2016,50-59 Years old,105318
Daejeon,2016,60-69 Years old,68089
Daejeon,2016,70-79 Years old,35675
Daejeon,2016,80 years and over,10576
Daejeon,2016,Under 30 years,7469
Daejeon,2016,dead,4011
Daejeon,2017,30-39 Years old,52047
Daejeon,2017,40-49 Years old,105453
Daejeon,2017,50-59 Years old,104986
Daejeon,2017,60-69 Years old,71603
Daejeon,2017,70-79 Years old,37610
Daejeon,2017,80 years and over,11834
Daejeon,2017,Under 30 years,7142
Daejeon,2017,dead,4193
Daejeon,2018,30-39 Years old,51337
Daejeon,2018,40-49 Years old,103574
Daejeon,2018,50-59 Years old,107625
Daejeon,2018,60-69 Years old,75127
Daejeon,2018,70-79 Years old,39704
Daejeon,2018,80 years and over,13484
Daejeon,2018,Under 30 years,7282
Daejeon,2018,dead,4211
Daejeon,2019,30-39 Years old,47835
Daejeon,2019,40-49 Years old,100630
Daejeon,2019,50-59 Years old,108958
Daejeon,2019,60-69 Years old,78809
Daejeon,2019,70-79 Years old,41447
Daejeon,2019,80 years and over,15119
Daejeon,2019,Under 30 years,6983
Daejeon,2019,dead,4420
Daejeon,2020,30-39 Years old,45973
Daejeon,2020,40-49 Years old,99515
Daejeon,2020,50-59 Years old,109112
Daejeon,2020,60-69 Years old,83907
Daejeon,2020,70-79 Years old,43716
Daejeon,2020,80 years and over,16465
Daejeon,2020,Under 30 years,7698
Daejeon,2020,dead,4344
Daejeon,2021,30-39 Years old,44516
Daejeon,2021,40-49 Years old,97430
Daejeon,2021,50-59 Years old,109965
Daejeon,2021,60-69 Years old,90860
Daejeon,2021,70-79 Years old,45094
Daejeon,2021,80 years and over,18164
Daejeon,2021,Under 30 years,8595
Daejeon,2021,dead,4209
Daejeon,2022,30-39 Years old,42432
Daejeon,2022,40-49 Years old,96605
Daejeon,2022,50-59 Years old,111527
Daejeon,2022,60-69 Years old,94747
Daejeon,2022,70-79 Years old,46827
Daejeon,2022,80 years and over,20784
Daejeon,2022,Under 30 years,8156
Daejeon,2022,dead,4695
Daejeon,2023,30-39 Years old,41159
Daejeon,2023,40-49 Years old,95104
Daejeon,2023,50-59 Years old,114589
Daejeon,2023,60-69 Years old,98302
Daejeon,2023,70-79 Years old,49248
Daejeon,2023,80 years and over,22550
Daejeon,2023,Under 30 years,7519
Daejeon,2023,dead,5032
Gangwon State,2012,30-39 Years old,44883
Gangwon State,2012,40-49 Years old,81527
Gangwon State,2012,50-59 Years old,98347
Gangwon State,2012,60-69 Years old,64147
Gangwon State,2012,70-79 Years old,45341
Gangwon State,2012,80 years and over,9844
Gangwon State,2012,Under 30 years,7545
Gangwon State,2012,dead,10263
Gangwon State,2013,30-39 Years old,43638
Gangwon State,2013,40-49 Years old,83067
Gangwon State,2013,50-59 Years old,103992
Gangwon State,2013,60-69 Years old,68012
Gangwon State,2013,70-79 Years old,50611
Gangwon State,2013,80 years and over,11535
Gangwon State,2013,Under 30 years,6874
Gangwon State,2013,dead,11099
Gangwon State,2014,30-39 Years old,42167
Gangwon State,2014,40-49 Years old,84058
Gangwon State,2014,50-59 Years old,103694
Gangwon State,2014,60-69 Years old,70346
Gangwon State,2014,70-79 Years old,52489
Gangwon State,2014,80 years and over,12139
Gangwon State,2014,Under 30 years,6469
Gangwon State,2014,dead,12730
Gangwon State,2015,30-39 Years old,43028
Gangwon State,2015,40-49 Years old,85919
Gangwon State,2015,50-59 Years old,104741
Gangwon State,2015,60-69 Years old,74114
Gangwon State,2015,70-79 Years old,53548
Gangwon State,2015,80 years and over,13590
Gangwon State,2015,Under 30 years,8320
Gangwon State,2015,dead,11990
Gangwon State,2016,30-39 Years old,42430
Gangwon State,2016,40-49 Years old,85640
Gangwon State,2016,50-59 Years old,107049
Gangwon State,2016,60-69 Years old,80489
Gangwon State,2016,70-79 Years old,55933
Gangwon State,2016,80 years and over,16097
Gangwon State,2016,Under 30 years,7127
Gangwon State,2016,dead,12808
Gangwon State,2017,30-39 Years old,40809
Gangwon State,2017,40-49 Years old,85455
Gangwon State,2017,50-59 Years old,107196
Gangwon State,2017,60-69 Years old,86022
Gangwon State,2017,70-79 Years old,58470
Gangwon State,2017,80 years and over,18292
Gangwon State,2017,Under 30 years,7078
Gangwon State,2017,dead,13170
Gangwon State,2018,30-39 Years old,40290
Gangwon State,2018,40-49 Years old,84496
Gangwon State,2018,50-59 Years old,109058
Gangwon State,2018,60-69 Years old,91602
Gangwon State,2018,70-79 Years old,59911
Gangwon State,2018,80 years and over,21177
Gangwon State,2018,Under 30 years,7172
Gangwon State,2018,dead,12693
Gangwon State,2019,30-39 Years old,40833
Gangwon State,2019,40-49 Years old,85155
Gangwon State,2019,50-59 Years old,111583
Gangwon State,2019,60-69 Years old,98790
Gangwon State,2019,70-79 Years old,60576
Gangwon State,2019,80 years and over,23682
Gangwon State,2019,Under 30 years,7283
Gangwon State,2019,dead,12781
Gangwon State,2020,30-39 Years old,41717
Gangwon State,2020,40-49 Years old,87067
Gangwon State,2020,50-59 Years old,113661
Gangwon State,2020,60-69 Years old,108743
Gangwon State,2020,70-79 Years old,61333
Gangwon State,2020,80 years and over,26458
Gangwon State,2020,Under 30 years,7724
Gangwon State,2020,dead,12839
Gangwon State,2021,30-39 Years old,41452
Gangwon State,2021,40-49 Years old,87150
Gangwon State,2021,50-59 Years old,114899
Gangwon State,2021,60-69 Years old,119415
Gangwon State,2021,70-79 Years old,61227
Gangwon State,2021,80 years and over,28982
Gangwon State,2021,Under 30 years,8322
Gangwon State,2021,dead,12004
Gangwon State,2022,30-39 Years old,40067
Gangwon State,2022,40-49 Years old,86981
Gangwon State,2022,50-59 Years old,116590
Gangwon State,2022,60-69 Years old,124057
Gangwon State,2022,70-79 Years old,64660
Gangwon State,2022,80 years and over,31959
Gangwon State,2022,Under 30 years,8125
Gangwon State,2022,dead,12183
Gangwon State,2023,30-39 Years old,38142
Gangwon State,2023,40-49 Years old,85150
Gangwon State,2023,50-59 Years old,117956
Gangwon State,2023,60-69 Years old,130108
Gangwon State,2023,70-79 Years old,67344
Gangwon State,2023,80 years and over,34456
Gangwon State,2023,Under 30 years,7320
Gangwon State,2023,dead,12269
Gwangju,2012,30-39 Years old,64527
Gwangju,2012,40-49 Years old,97662
Gwangju,2012,50-59 Years old,81738
Gwangju,2012,60-69 Years old,52507
Gwangju,2012,70-79 Years old,30450
Gwangju,2012,80 years and over,6499
Gwangju,2012,Under 30 years,9569
Gwangju,2012,dead,5906
Gwangju,2013,30-39 Years old,61201
Gwangju,2013,40-49 Years old,98997
Gwangju,2013,50-59 Years old,85947
Gwangju,2013,60-69 Years old,54104
Gwangju,2013,70-79 Years old,32608
Gwangju,2013,80 years and over,7371
Gwangju,2013,Under 30 years,8331
Gwangju,2013,dead,6100
Gwangju,2014,30-39 Years old,61996
Gwangju,2014,40-49 Years old,105032
Gwangju,2014,50-59 Years old,92186
Gwangju,2014,60-69 Years old,57399
Gwangju,2014,70-79 Years old,34151
Gwangju,2014,80 years and over,8144
Gwangju,2014,Under 30 years,8254
Gwangju,2014,dead,6351
Gwangju,2015,30-39 Years old,62407
Gwangju,2015,40-49 Years old,106943
Gwangju,2015,50-59 Years old,95553
Gwangju,2015,60-69 Years old,61440
Gwangju,2015,70-79 Years old,35923
Gwangju,2015,80 years and over,9260
Gwangju,2015,Under 30 years,8715
Gwangju,2015,dead,6054
Gwangju,2016,30-39 Years old,59862
Gwangju,2016,40-49 Years old,107212
Gwangju,2016,50-59 Years old,99482
Gwangju,2016,60-69 Years old,64460
Gwangju,2016,70-79 Years old,37600
Gwangju,2016,80 years and over,10707
Gwangju,2016,Under 30 years,8066
Gwangju,2016,dead,6146
Gwangju,2017,30-39 Years old,57105
Gwangju,2017,40-49 Years old,107398
Gwangju,2017,50-59 Years old,101452
Gwangju,2017,60-69 Years old,67059
Gwangju,2017,70-79 Years old,40068
Gwangju,2017,80 years and over,11884
Gwangju,2017,Under 30 years,7966
Gwangju,2017,dead,6257
Gwangju,2018,30-39 Years old,56703
Gwangju,2018,40-49 Years old,105963
Gwangju,2018,50-59 Years old,104883
Gwangju,2018,60-69 Years old,69594
Gwangju,2018,70-79 Years old,41916
Gwangju,2018,80 years and over,13217
Gwangju,2018,Under 30 years,8465
Gwangju,2018,dead,5962
Gwangju,2019,30-39 Years old,54170
Gwangju,2019,40-49 Years old,105585
Gwangju,2019,50-59 Years old,107579
Gwangju,2019,60-69 Years old,73588
Gwangju,2019,70-79 Years old,44173
Gwangju,2019,80 years and over,14901
Gwangju,2019,Under 30 years,8522
Gwangju,2019,dead,5680
Gwangju,2020,30-39 Years old,50792
Gwangju,2020,40-49 Years old,104631
Gwangju,2020,50-59 Years old,107970
Gwangju,2020,60-69 Years old,78791
Gwangju,2020,70-79 Years old,46019
Gwangju,2020,80 years and over,16651
Gwangju,2020,Under 30 years,8512
Gwangju,2020,dead,6041
Gwangju,2021,30-39 Years old,49538
Gwangju,2021,40-49 Years old,104279
Gwangju,2021,50-59 Years old,111066
Gwangju,2021,60-69 Years old,84374
Gwangju,2021,70-79 Years old,47463
Gwangju,2021,80 years and over,18664
Gwangju,2021,Under 30 years,9260
Gwangju,2021,dead,5799
Gwangju,2022,30-39 Years old,46778
Gwangju,2022,40-49 Years old,103348
Gwangju,2022,50-59 Years old,113932
Gwangju,2022,60-69 Years old,87557
Gwangju,2022,70-79 Years old,48912
Gwangju,2022,80 years and over,21481
Gwangju,2022,Under 30 years,8928
Gwangju,2022,dead,5917
Gwangju,2023,30-39 Years old,44358
Gwangju,2023,40-49 Years old,101839
Gwangju,2023,50-59 Years old,116613
Gwangju,2023,60-69 Years old,92269
Gwangju,2023,70-79 Years old,50861
Gwangju,2023,80 years and over,23294
Gwangju,2023,Under 30 years,8268
Gwangju,2023,dead,5865
Gyeonggi-do,2012,30-39 Years old,503531
Gyeonggi-do,2012,40-49 Years old,813424
Gyeonggi-do,2012,50-59 Years old,690802
Gyeonggi-do,2012,60-69 Years old,366191
Gyeonggi-do,2012,70-79 Years old,211918
Gyeonggi-do,2012,80 years and over,44647
Gyeonggi-do,2012,Under 30 years,65753
Gyeonggi-do,2012,dead,26774
Gyeonggi-do,2013,30-39 Years old,486727
Gyeonggi-do,2013,40-49 Years old,834748
Gyeonggi-do,2013,50-59 Years old,737938
Gyeonggi-do,2013,60-69 Years old,387244
Gyeonggi-do,2013,70-79 Years old,230108
Gyeonggi-do,2013,80 years and over,52281
Gyeonggi-do,2013,Under 30 years,59297
Gyeonggi-do,2013,dead,28224
Gyeonggi-do,2014,30-39 Years old,474081
Gyeonggi-do,2014,40-49 Years old,851111
Gyeonggi-do,2014,50-59 Years old,764786
Gyeonggi-do,2014,60-69 Years old,406636
Gyeonggi-do,2014,70-79 Years old,239880
Gyeonggi-do,2014,80 years and over,58051
Gyeonggi-do,2014,Under 30 years,56222
Gyeonggi-do,2014,dead,29968
Gyeonggi-do,2015,30-39 Years old,476065
Gyeonggi-do,2015,40-49 Years old,864535
Gyeonggi-do,2015,50-59 Years old,795506
Gyeonggi-do,2015,60-69 Years old,443792
Gyeonggi-do,2015,70-79 Years old,251371
Gyeonggi-do,2015,80 years and over,66941
Gyeonggi-do,2015,Under 30 years,63488
Gyeonggi-do,2015,dead,29634
Gyeonggi-do,2016,30-39 Years old,468382
Gyeonggi-do,2016,40-49 Years old,871115
Gyeonggi-do,2016,50-59 Years old,823191
Gyeonggi-do,2016,60-69 Years old,476876
Gyeonggi-do,2016,70-79 Years old,262385
Gyeonggi-do,2016,80 years and over,77242
Gyeonggi-do,2016,Under 30 years,59230
Gyeonggi-do,2016,dead,31334
Gyeonggi-do,2017,30-39 Years old,465594
Gyeonggi-do,2017,40-49 Years old,884609
Gyeonggi-do,2017,50-59 Years old,850350
Gyeonggi-do,2017,60-69 Years old,508833
Gyeonggi-do,2017,70-79 Years old,280421
Gyeonggi-do,2017,80 years and over,86868
Gyeonggi-do,2017,Under 30 years,60698
Gyeonggi-do,2017,dead,32233
Gyeonggi-do,2018,30-39 Years old,477730
Gyeonggi-do,2018,40-49 Years old,897411
Gyeonggi-do,2018,50-59 Years old,891234
Gyeonggi-do,2018,60-69 Years old,549564
Gyeonggi-do,2018,70-79 Years old,296854
Gyeonggi-do,2018,80 years and over,98123
Gyeonggi-do,2018,Under 30 years,63450
Gyeonggi-do,2018,dead,33337
Gyeonggi-do,2019,30-39 Years old,480297
Gyeonggi-do,2019,40-49 Years old,917841
Gyeonggi-do,2019,50-59 Years old,934583
Gyeonggi-do,2019,60-69 Years old,599783
Gyeonggi-do,2019,70-79 Years old,313485
Gyeonggi-do,2019,80 years and over,110996
Gyeonggi-do,2019,Under 30 years,63548
Gyeonggi-do,2019,dead,33509
Gyeonggi-do,2020,30-39 Years old,469018
Gyeonggi-do,2020,40-49 Years old,934595
Gyeonggi-do,2020,50-59 Years old,964462
Gyeonggi-do,2020,60-69 Years old,662507
Gyeonggi-do,2020,70-79 Years old,329929
Gyeonggi-do,2020,80 years and over,123602
Gyeonggi-do,2020,Under 30 years,69823
Gyeonggi-do,2020,dead,33403
Gyeonggi-do,2021,30-39 Years old,466687
Gyeonggi-do,2021,40-49 Years old,943905
Gyeonggi-do,2021,50-59 Years old,994709
Gyeonggi-do,2021,60-69 Years old,735621
Gyeonggi-do,2021,70-79 Years old,340720
Gyeonggi-do,2021,80 years and over,138360
Gyeonggi-do,2021,Under 30 years,78637
Gyeonggi-do,2021,dead,33382
Gyeonggi-do,2022,30-39 Years old,438874
Gyeonggi-do,2022,40-49 Years old,946142
Gyeonggi-do,2022,50-59 Years old,1023090
Gyeonggi-do,2022,60-69 Years old,778984
Gyeonggi-do,2022,70-79 Years old,361105
Gyeonggi-do,2022,80 years and over,156804
Gyeonggi-do,2022,Under 30 years,73223
Gyeonggi-do,2022,dead,37337
Gyeonggi-do,2023,30-39 Years old,435774
Gyeonggi-do,2023,40-49 Years old,955457
Gyeonggi-do,2023,50-59 Years old,1058810
Gyeonggi-do,2023,60-69 Years old,834396
Gyeonggi-do,2023,70-79 Years old,383115
Gyeonggi-do,2023,80 years and over,172445
Gyeonggi-do,2023,Under 30 years,67407
Gyeonggi-do,2023,dead,36642
Gyeongsangbuk-do,2012,30-39 Years old,89291
Gyeongsangbuk-do,2012,40-49 Years old,149496
Gyeongsangbuk-do,2012,50-59 Years old,173222
Gyeongsangbuk-do,2012,60-69 Years old,120113
Gyeongsangbuk-do,2012,70-79 Years old,85609
Gyeongsangbuk-do,2012,80 years and over,23096
Gyeongsangbuk-do,2012,Under 30 years,13710
Gyeongsangbuk-do,2012,dead,41894
Gyeongsangbuk-do,2013,30-39 Years old,87221
Gyeongsangbuk-do,2013,40-49 Years old,150037
Gyeongsangbuk-do,2013,50-59 Years old,179732
Gyeongsangbuk-do,2013,60-69 Years old,126258
Gyeongsangbuk-do,2013,70-79 Years old,92912
Gyeongsangbuk-do,2013,80 years and over,26723
Gyeongsangbuk-do,2013,Under 30 years,12715
Gyeongsangbuk-do,2013,dead,45124
Gyeongsangbuk-do,2014,30-39 Years old,83613
Gyeongsangbuk-do,2014,40-49 Years old,149182
Gyeongsangbuk-do,2014,50-59 Years old,179135
Gyeongsangbuk-do,2014,60-69 Years old,128938
Gyeongsangbuk-do,2014,70-79 Years old,92421
Gyeongsangbuk-do,2014,80 years and over,25676
Gyeongsangbuk-do,2014,Under 30 years,11945
Gyeongsangbuk-do,2014,dead,49800
Gyeongsangbuk-do,2015,30-39 Years old,86912
Gyeongsangbuk-do,2015,40-49 Years old,154158
Gyeongsangbuk-do,2015,50-59 Years old,185330
Gyeongsangbuk-do,2015,60-69 Years old,140527
Gyeongsangbuk-do,2015,70-79 Years old,93846
Gyeongsangbuk-do,2015,80 years and over,29491
Gyeongsangbuk-do,2015,Under 30 years,15591
Gyeongsangbuk-do,2015,dead,49024
Gyeongsangbuk-do,2016,30-39 Years old,87788
Gyeongsangbuk-do,2016,40-49 Years old,154273
Gyeongsangbuk-do,2016,50-59 Years old,187750
Gyeongsangbuk-do,2016,60-69 Years old,150332
Gyeongsangbuk-do,2016,70-79 Years old,92825
Gyeongsangbuk-do,2016,80 years and over,32650
Gyeongsangbuk-do,2016,Under 30 years,13667
Gyeongsangbuk-do,2016,dead,51279
Gyeongsangbuk-do,2017,30-39 Years old,87517
Gyeongsangbuk-do,2017,40-49 Years old,156470
Gyeongsangbuk-do,2017,50-59 Years old,191843
Gyeongsangbuk-do,2017,60-69 Years old,160890
Gyeongsangbuk-do,2017,70-79 Years old,99684
Gyeongsangbuk-do,2017,80 years and over,36989
Gyeongsangbuk-do,2017,Under 30 years,13212
Gyeongsangbuk-do,2017,dead,52187
Gyeongsangbuk-do,2018,30-39 Years old,87238
Gyeongsangbuk-do,2018,40-49 Years old,156337
Gyeongsangbuk-do,2018,50-59 Years old,198051
Gyeongsangbuk-do,2018,60-69 Years old,167607
Gyeongsangbuk-do,2018,70-79 Years old,103977
Gyeongsangbuk-do,2018,80 years and over,42983
Gyeongsangbuk-do,2018,Under 30 years,12907
Gyeongsangbuk-do,2018,dead,49828
Gyeongsangbuk-do,2019,30-39 Years old,83837
Gyeongsangbuk-do,2019,40-49 Years old,155698
Gyeongsangbuk-do,2019,50-59 Years old,201332
Gyeongsangbuk-do,2019,60-69 Years old,175249
Gyeongsangbuk-do,2019,70-79 Years old,107636
Gyeongsangbuk-do,2019,80 years and over,46782
Gyeongsangbuk-do,2019,Under 30 years,12194
Gyeongsangbuk-do,2019,dead,49659
Gyeongsangbuk-do,2020,30-39 Years old,78950
Gyeongsangbuk-do,2020,40-49 Years old,155532
Gyeongsangbuk-do,2020,50-59 Years old,201438
Gyeongsangbuk-do,2020,60-69 Years old,187697
Gyeongsangbuk-do,2020,70-79 Years old,111252
Gyeongsangbuk-do,2020,80 years and over,50460
Gyeongsangbuk-do,2020,Under 30 years,12250
Gyeongsangbuk-do,2020,dead,50031
Gyeongsangbuk-do,2021,30-39 Years old,76871
Gyeongsangbuk-do,2021,40-49 Years old,156048
Gyeongsangbuk-do,2021,50-59 Years old,202908
Gyeongsangbuk-do,2021,60-69 Years old,202150
Gyeongsangbuk-do,2021,70-79 Years old,114576
Gyeongsangbuk-do,2021,80 years and over,54105
Gyeongsangbuk-do,2021,Under 30 years,13244
Gyeongsangbuk-do,2021,dead,48379
Gyeongsangbuk-do,2022,30-39 Years old,69455
Gyeongsangbuk-do,2022,40-49 Years old,153371
Gyeongsangbuk-do,2022,50-59 Years old,202739
Gyeongsangbuk-do,2022,60-69 Years old,208992
Gyeongsangbuk-do,2022,70-79 Years old,118799
Gyeongsangbuk-do,2022,80 years and over,59041
Gyeongsangbuk-do,2022,Under 30 years,11804
Gyeongsangbuk-do,2022,dead,49501
Gyeongsangbuk-do,2023,30-39 Years old,64278
Gyeongsangbuk-do,2023,40-49 Years old,149687
Gyeongsangbuk-do,2023,50-59 Years old,202913
Gyeongsangbuk-do,2023,60-69 Years old,214778
Gyeongsangbuk-do,2023,70-79 Years old,122548
Gyeongsangbuk-do,2023,80 years and over,62445
Gyeongsangbuk-do,2023,Under 30 years,11001
Gyeongsangbuk-do,2023,dead,48509
Gyeongsangnam-do,2012,30-39 Years old,135344
Gyeongsangnam-do,2012,40-49 Years old,213184
Gyeongsangnam-do,2012,50-59 Years old,213838
Gyeongsangnam-do,2012,60-69 Years old,128329
Gyeongsangnam-do,2012,70-79 Years old,83749
Gyeongsangnam-do,2012,80 years and over,21883
Gyeongsangnam-do,2012,Under 30 years,18896
Gyeongsangnam-do,2012,dead,32837
Gyeongsangnam-do,2013,30-39 Years old,133317
Gyeongsangnam-do,2013,40-49 Years old,219704
Gyeongsangnam-do,2013,50-59 Years old,225647
Gyeongsangnam-do,2013,60-69 Years old,135875
Gyeongsangnam-do,2013,70-79 Years old,90444
Gyeongsangnam-do,2013,80 years and over,25102
Gyeongsangnam-do,2013,Under 30 years,16998
Gyeongsangnam-do,2013,dead,34838
Gyeongsangnam-do,2014,30-39 Years old,135844
Gyeongsangnam-do,2014,40-49 Years old,227190
Gyeongsangnam-do,2014,50-59 Years old,229639
Gyeongsangnam-do,2014,60-69 Years old,141508
Gyeongsangnam-do,2014,70-79 Years old,91456
Gyeongsangnam-do,2014,80 years and over,24778
Gyeongsangnam-do,2014,Under 30 years,16488
Gyeongsangnam-do,2014,dead,37931
Gyeongsangnam-do,2015,30-39 Years old,137885
Gyeongsangnam-do,2015,40-49 Years old,231111
Gyeongsangnam-do,2015,50-59 Years old,234926
Gyeongsangnam-do,2015,60-69 Years old,151735
Gyeongsangnam-do,2015,70-79 Years old,90284
Gyeongsangnam-do,2015,80 years and over,26509
Gyeongsangnam-do,2015,Under 30 years,19304
Gyeongsangnam-do,2015,dead,36395
Gyeongsangnam-do,2016,30-39 Years old,134884
Gyeongsangnam-do,2016,40-49 Years old,230962
Gyeongsangnam-do,2016,50-59 Years old,241050
Gyeongsangnam-do,2016,60-69 Years old,164403
Gyeongsangnam-do,2016,70-79 Years old,92703
Gyeongsangnam-do,2016,80 years and over,30042
Gyeongsangnam-do,2016,Under 30 years,16858
Gyeongsangnam-do,2016,dead,38853
Gyeongsangnam-do,2017,30-39 Years old,133527
Gyeongsangnam-do,2017,40-49 Years old,234114
Gyeongsangnam-do,2017,50-59 Years old,249001
Gyeongsangnam-do,2017,60-69 Years old,178191
Gyeongsangnam-do,2017,70-79 Years old,100405
Gyeongsangnam-do,2017,80 years and over,35180
Gyeongsangnam-do,2017,Under 30 years,16077
Gyeongsangnam-do,2017,dead,40125
Gyeongsangnam-do,2018,30-39 Years old,129950
Gyeongsangnam-do,2018,40-49 Years old,233427
Gyeongsangnam-do,2018,50-59 Years old,257087
Gyeongsangnam-do,2018,60-69 Years old,188383
Gyeongsangnam-do,2018,70-79 Years old,106093
Gyeongsangnam-do,2018,80 years and over,40395
Gyeongsangnam-do,2018,Under 30 years,15701
Gyeongsangnam-do,2018,dead,38711
Gyeongsangnam-do,2019,30-39 Years old,123744
Gyeongsangnam-do,2019,40-49 Years old,234304
Gyeongsangnam-do,2019,50-59 Years old,264220
Gyeongsangnam-do,2019,60-69 Years old,200513
Gyeongsangnam-do,2019,70-79 Years old,111076
Gyeongsangnam-do,2019,80 years and over,44503
Gyeongsangnam-do,2019,Under 30 years,15250
Gyeongsangnam-do,2019,dead,39608
Gyeongsangnam-do,2020,30-39 Years old,115864
Gyeongsangnam-do,2020,40-49 Years old,235054
Gyeongsangnam-do,2020,50-59 Years old,267339
Gyeongsangnam-do,2020,60-69 Years old,217185
Gyeongsangnam-do,2020,70-79 Years old,115836
Gyeongsangnam-do,2020,80 years and over,48800
Gyeongsangnam-do,2020,Under 30 years,15266
Gyeongsangnam-do,2020,dead,39806
Gyeongsangnam-do,2021,30-39 Years old,110497
Gyeongsangnam-do,2021,40-49 Years old,233272
Gyeongsangnam-do,2021,50-59 Years old,269274
Gyeongsangnam-do,2021,60-69 Years old,234455
Gyeongsangnam-do,2021,70-79 Years old,119653
Gyeongsangnam-do,2021,80 years and over,52855
Gyeongsangnam-do,2021,Under 30 years,16153
Gyeongsangnam-do,2021,dead,39279
Gyeongsangnam-do,2022,30-39 Years old,100303
Gyeongsangnam-do,2022,40-49 Years old,230292
Gyeongsangnam-do,2022,50-59 Years old,270660
Gyeongsangnam-do,2022,60-69 Years old,244797
Gyeongsangnam-do,2022,70-79 Years old,125164
Gyeongsangnam-do,2022,80 years and over,57190
Gyeongsangnam-do,2022,Under 30 years,14926
Gyeongsangnam-do,2022,dead,37232
Gyeongsangnam-do,2023,30-39 Years old,90665
Gyeongsangnam-do,2023,40-49 Years old,224184
Gyeongsangnam-do,2023,50-59 Years old,275180
Gyeongsangnam-do,2023,60-69 Years old,256638
Gyeongsangnam-do,2023,70-79 Years old,131630
Gyeongsangnam-do,2023,80 years and over,61224
Gyeongsangnam-do,2023,Under 30 years,13250
Gyeongsangnam-do,2023,dead,36553
Incheon,2012,30-39 Years old,123261
Incheon,2012,40-49 Years old,189263
Incheon,2012,50-59 Years old,181695
Incheon,2012,60-69 Years old,93734
Incheon,2012,70-79 Years old,50054
Incheon,2012,80 years and over,10920
Incheon,2012,Under 30 years,20233
Incheon,2012,dead,8669
Incheon,2013,30-39 Years old,118060
Incheon,2013,40-49 Years old,190686
Incheon,2013,50-59 Years old,192363
Incheon,2013,60-69 Years old,99380
Incheon,2013,70-79 Years old,55548
Incheon,2013,80 years and over,13074
Incheon,2013,Under 30 years,17369
Incheon,2013,dead,9008
Incheon,2014,30-39 Years old,115609
Incheon,2014,40-49 Years old,192712
Incheon,2014,50-59 Years old,198227
Incheon,2014,60-69 Years old,104903
Incheon,2014,70-79 Years old,58255
Incheon,2014,80 years and over,14116
Incheon,2014,Under 30 years,16256
Incheon,2014,dead,9458
Incheon,2015,30-39 Years old,116952
Incheon,2015,40-49 Years old,193975
Incheon,2015,50-59 Years old,204251
Incheon,2015,60-69 Years old,114070
Incheon,2015,70-79 Years old,60669
Incheon,2015,80 years and over,16044
Incheon,2015,Under 30 years,17631
Incheon,2015,dead,9023
Incheon,2016,30-39 Years old,114762
Incheon,2016,40-49 Years old,193511
Incheon,2016,50-59 Years old,208113
Incheon,2016,60-69 Years old,122140
Incheon,2016,70-79 Years old,63441
Incheon,2016,80 years and over,18449
Incheon,2016,Under 30 years,16665
Incheon,2016,dead,9332
Incheon,2017,30-39 Years old,112201
Incheon,2017,40-49 Years old,194828
Incheon,2017,50-59 Years old,212142
Incheon,2017,60-69 Years old,129848
Incheon,2017,70-79 Years old,68012
Incheon,2017,80 years and over,20326
Incheon,2017,Under 30 years,16933
Incheon,2017,dead,8962
Incheon,2018,30-39 Years old,110551
Incheon,2018,40-49 Years old,193674
Incheon,2018,50-59 Years old,217411
Incheon,2018,60-69 Years old,138325
Incheon,2018,70-79 Years old,71445
Incheon,2018,80 years and over,22881
Incheon,2018,Under 30 years,16910
Incheon,2018,dead,9336
Incheon,2019,30-39 Years old,104222
Incheon,2019,40-49 Years old,192116
Incheon,2019,50-59 Years old,220468
Incheon,2019,60-69 Years old,148165
Incheon,2019,70-79 Years old,75393
Incheon,2019,80 years and over,25610
Incheon,2019,Under 30 years,15939
Incheon,2019,dead,9575
Incheon,2020,30-39 Years old,97222
Incheon,2020,40-49 Years old,191658
Incheon,2020,50-59 Years old,220019
Incheon,2020,60-69 Years old,161266
Incheon,2020,70-79 Years old,79230
Incheon,2020,80 years and over,28088
Incheon,2020,Under 30 years,16330
Incheon,2020,dead,9448
Incheon,2021,30-39 Years old,94080
Incheon,2021,40-49 Years old,190933
Incheon,2021,50-59 Years old,220809
Incheon,2021,60-69 Years old,177680
Incheon,2021,70-79 Years old,81344
Incheon,2021,80 years and over,31068
Incheon,2021,Under 30 years,18115
Incheon,2021,dead,8970
Incheon,2022,30-39 Years old,88634
Incheon,2022,40-49 Years old,191443
Incheon,2022,50-59 Years old,223227
Incheon,2022,60-69 Years old,188317
Incheon,2022,70-79 Years old,86226
Incheon,2022,80 years and over,35294
Incheon,2022,Under 30 years,16719
Incheon,2022,dead,9934
Incheon,2023,30-39 Years old,86757
Incheon,2023,40-49 Years old,192496
Incheon,2023,50-59 Years old,226962
Incheon,2023,60-69 Years old,201176
Incheon,2023,70-79 Years old,91216
Incheon,2023,80 years and over,39376
Incheon,2023,Under 30 years,14735
Incheon,2023,dead,11564
Jeju,2012,30-39 Years old,18011
Jeju,2012,40-49 Years old,34121
Jeju,2012,50-59 Years old,32092
Jeju,2012,60-69 Years old,22352
Jeju,2012,70-79 Years old,14457
Jeju,2012,80 years and over,3337
Jeju,2012,Under 30 years,2542
Jeju,2012,dead,4902
Jeju,2013,30-39 Years old,18330
Jeju,2013,40-49 Years old,35237
Jeju,2013,50-59 Years old,34050
Jeju,2013,60-69 Years old,22671
Jeju,2013,70-79 Years old,14750
Jeju,2013,80 years and over,3838
Jeju,2013,Under 30 years,2431
Jeju,2013,dead,5134
Jeju,2014,30-39 Years old,19035
Jeju,2014,40-49 Years old,37211
Jeju,2014,50-59 Years old,35971
Jeju,2014,60-69 Years old,23536
Jeju,2014,70-79 Years old,15621
Jeju,2014,80 years and over,4250
Jeju,2014,Under 30 years,2547
Jeju,2014,dead,5487
Jeju,2015,30-39 Years old,19968
Jeju,2015,40-49 Years old,39233
Jeju,2015,50-59 Years old,37963
Jeju,2015,60-69 Years old,25816
Jeju,2015,70-79 Years old,16592
Jeju,2015,80 years and over,4856
Jeju,2015,Under 30 years,3172
Jeju,2015,dead,5397
Jeju,2016,30-39 Years old,20823
Jeju,2016,40-49 Years old,40713
Jeju,2016,50-59 Years old,40381
Jeju,2016,60-69 Years old,27690
Jeju,2016,70-79 Years old,17249
Jeju,2016,80 years and over,5350
Jeju,2016,Under 30 years,2988
Jeju,2016,dead,5357
Jeju,2017,30-39 Years old,21322
Jeju,2017,40-49 Years old,42786
Jeju,2017,50-59 Years old,42569
Jeju,2017,60-69 Years old,29384
Jeju,2017,70-79 Years old,18239
Jeju,2017,80 years and over,5882
Jeju,2017,Under 30 years,3171
Jeju,2017,dead,5397
Jeju,2018,30-39 Years old,21792
Jeju,2018,40-49 Years old,43737
Jeju,2018,50-59 Years old,45063
Jeju,2018,60-69 Years old,30814
Jeju,2018,70-79 Years old,18986
Jeju,2018,80 years and over,6569
Jeju,2018,Under 30 years,3479
Jeju,2018,dead,5099
Jeju,2019,30-39 Years old,20833
Jeju,2019,40-49 Years old,44047
Jeju,2019,50-59 Years old,46952
Jeju,2019,60-69 Years old,33074
Jeju,2019,70-79 Years old,19755
Jeju,2019,80 years and over,7271
Jeju,2019,Under 30 years,3376
Jeju,2019,dead,5133
Jeju,2020,30-39 Years old,19949
Jeju,2020,40-49 Years old,43908
Jeju,2020,50-59 Years old,48557
Jeju,2020,60-69 Years old,35713
Jeju,2020,70-79 Years old,20309
Jeju,2020,80 years and over,7958
Jeju,2020,Under 30 years,3512
Jeju,2020,dead,5142
Jeju,2021,30-39 Years old,19895
Jeju,2021,40-49 Years old,44235
Jeju,2021,50-59 Years old,50494
Jeju,2021,60-69 Years old,38402
Jeju,2021,70-79 Years old,20650
Jeju,2021,80 years and over,8624
Jeju,2021,Under 30 years,3836
Jeju,2021,dead,5075
Jeju,2022,30-39 Years old,19228
Jeju,2022,40-49 Years old,44848
Jeju,2022,50-59 Years old,52295
Jeju,2022,60-69 Years old,40636
Jeju,2022,70-79 Years old,21281
Jeju,2022,80 years and over,9405
Jeju,2022,Under 30 years,3758
Jeju,2022,dead,5077
Jeju,2023,30-39 Years old,18498
Jeju,2023,40-49 Years old,44302
Jeju,2023,50-59 Years old,53476
Jeju,2023,60-69 Years old,43487
Jeju,2023,70-79 Years old,22078
Jeju,2023,80 years and over,10067
Jeju,2023,Under 30 years,3454
Jeju,2023,dead,5076
Jeollabuk-do,2012,30-39 Years old,62149
Jeollabuk-do,2012,40-49 Years old,102430
Jeollabuk-do,2012,50-59 Years old,108315
Jeollabuk-do,2012,60-69 Years old,81598
Jeollabuk-do,2012,70-79 Years old,60397
Jeollabuk-do,2012,80 years and over,16327
Jeollabuk-do,2012,Under 30 years,10317
Jeollabuk-do,2012,dead,22692
Jeollabuk-do,2013,30-39 Years old,60409
Jeollabuk-do,2013,40-49 Years old,105950
Jeollabuk-do,2013,50-59 Years old,114456
Jeollabuk-do,2013,60-69 Years old,85266
Jeollabuk-do,2013,70-79 Years old,64973
Jeollabuk-do,2013,80 years and over,19193
Jeollabuk-do,2013,Under 30 years,9306
Jeollabuk-do,2013,dead,24029
Jeollabuk-do,2014,30-39 Years old,57620
Jeollabuk-do,2014,40-49 Years old,108582
Jeollabuk-do,2014,50-59 Years old,115409
Jeollabuk-do,2014,60-69 Years old,87724
Jeollabuk-do,2014,70-79 Years old,65156
Jeollabuk-do,2014,80 years and over,19717
Jeollabuk-do,2014,Under 30 years,8618
Jeollabuk-do,2014,dead,25500
Jeollabuk-do,2015,30-39 Years old,58855
Jeollabuk-do,2015,40-49 Years old,111042
Jeollabuk-do,2015,50-59 Years old,117697
Jeollabuk-do,2015,60-69 Years old,92572
Jeollabuk-do,2015,70-79 Years old,63522
Jeollabuk-do,2015,80 years and over,21145
Jeollabuk-do,2015,Under 30 years,10981
Jeollabuk-do,2015,dead,24803
Jeollabuk-do,2016,30-39 Years old,56093
Jeollabuk-do,2016,40-49 Years old,109665
Jeollabuk-do,2016,50-59 Years old,118757
Jeollabuk-do,2016,60-69 Years old,96008
Jeollabuk-do,2016,70-79 Years old,64299
Jeollabuk-do,2016,80 years and over,23476
Jeollabuk-do,2016,Under 30 years,9018
Jeollabuk-do,2016,dead,26091
Jeollabuk-do,2017,30-39 Years old,53677
Jeollabuk-do,2017,40-49 Years old,109347
Jeollabuk-do,2017,50-59 Years old,121451
Jeollabuk-do,2017,60-69 Years old,100860
Jeollabuk-do,2017,70-79 Years old,70958
Jeollabuk-do,2017,80 years and over,27654
Jeollabuk-do,2017,Under 30 years,8694
Jeollabuk-do,2017,dead,26992
Jeollabuk-do,2018,30-39 Years old,52814
Jeollabuk-do,2018,40-49 Years old,107980
Jeollabuk-do,2018,50-59 Years old,125021
Jeollabuk-do,2018,60-69 Years old,103886
Jeollabuk-do,2018,70-79 Years old,73373
Jeollabuk-do,2018,80 years and over,31180
Jeollabuk-do,2018,Under 30 years,8626
Jeollabuk-do,2018,dead,26413
Jeollabuk-do,2019,30-39 Years old,50317
Jeollabuk-do,2019,40-49 Years old,106716
Jeollabuk-do,2019,50-59 Years old,127178
Jeollabuk-do,2019,60-69 Years old,108256
Jeollabuk-do,2019,70-79 Years old,75294
Jeollabuk-do,2019,80 years and over,34076
Jeollabuk-do,2019,Under 30 years,8246
Jeollabuk-do,2019,dead,26839
Jeollabuk-do,2020,30-39 Years old,48116
Jeollabuk-do,2020,40-49 Years old,106848
Jeollabuk-do,2020,50-59 Years old,127871
Jeollabuk-do,2020,60-69 Years old,114726
Jeollabuk-do,2020,70-79 Years old,78863
Jeollabuk-do,2020,80 years and over,36656
Jeollabuk-do,2020,Under 30 years,8286
Jeollabuk-do,2020,dead,26879
Jeollabuk-do,2021,30-39 Years old,46259
Jeollabuk-do,2021,40-49 Years old,104716
Jeollabuk-do,2021,50-59 Years old,130307
Jeollabuk-do,2021,60-69 Years old,121920
Jeollabuk-do,2021,70-79 Years old,80590
Jeollabuk-do,2021,80 years and over,39022
Jeollabuk-do,2021,Under 30 years,8900
Jeollabuk-do,2021,dead,25471
Jeollabuk-do,2022,30-39 Years old,41578
Jeollabuk-do,2022,40-49 Years old,101887
Jeollabuk-do,2022,50-59 Years old,131176
Jeollabuk-do,2022,60-69 Years old,125213
Jeollabuk-do,2022,70-79 Years old,79341
Jeollabuk-do,2022,80 years and over,42482
Jeollabuk-do,2022,Under 30 years,8074
Jeollabuk-do,2022,dead,25999
Jeollabuk-do,2023,30-39 Years old,40265
Jeollabuk-do,2023,40-49 Years old,99745
Jeollabuk-do,2023,50-59 Years old,134792
Jeollabuk-do,2023,60-69 Years old,131490
Jeollabuk-do,2023,70-79 Years old,81436
Jeollabuk-do,2023,80 years and over,44864
Jeollabuk-do,2023,Under 30 years,7956
Jeollabuk-do,2023,dead,25757
Jeollanam-do,2012,30-39 Years old,52460
Jeollanam-do,2012,40-49 Years old,93942
Jeollanam-do,2012,50-59 Years old,107666
Jeollanam-do,2012,60-69 Years old,88642
Jeollanam-do,2012,70-79 Years old,72195
Jeollanam-do,2012,80 years and over,20513
Jeollanam-do,2012,Under 30 years,9548
Jeollanam-do,2012,dead,40375
Jeollanam-do,2013,30-39 Years old,51819
Jeollanam-do,2013,40-49 Years old,95813
Jeollanam-do,2013,50-59 Years old,113934
Jeollanam-do,2013,60-69 Years old,91163
Jeollanam-do,2013,70-79 Years old,77127
Jeollanam-do,2013,80 years and over,23607
Jeollanam-do,2013,Under 30 years,8543
Jeollanam-do,2013,dead,42606
Jeollanam-do,2014,30-39 Years old,50582
Jeollanam-do,2014,40-49 Years old,95070
Jeollanam-do,2014,50-59 Years old,113180
Jeollanam-do,2014,60-69 Years old,91230
Jeollanam-do,2014,70-79 Years old,76396
Jeollanam-do,2014,80 years and over,23060
Jeollanam-do,2014,Under 30 years,7775
Jeollanam-do,2014,dead,45291
Jeollanam-do,2015,30-39 Years old,52894
Jeollanam-do,2015,40-49 Years old,97033
Jeollanam-do,2015,50-59 Years old,115554
Jeollanam-do,2015,60-69 Years old,93654
Jeollanam-do,2015,70-79 Years old,73515
Jeollanam-do,2015,80 years and over,24013
Jeollanam-do,2015,Under 30 years,11058
Jeollanam-do,2015,dead,44427
Jeollanam-do,2016,30-39 Years old,52110
Jeollanam-do,2016,40-49 Years old,95544
Jeollanam-do,2016,50-59 Years old,117981
Jeollanam-do,2016,60-69 Years old,97239
Jeollanam-do,2016,70-79 Years old,74589
Jeollanam-do,2016,80 years and over,26171
Jeollanam-do,2016,Under 30 years,9068
Jeollanam-do,2016,dead,45968
Jeollanam-do,2017,30-39 Years old,50749
Jeollanam-do,2017,40-49 Years old,95284
Jeollanam-do,2017,50-59 Years old,120746
Jeollanam-do,2017,60-69 Years old,102882
Jeollanam-do,2017,70-79 Years old,81358
Jeollanam-do,2017,80 years and over,30879
Jeollanam-do,2017,Under 30 years,8217
Jeollanam-do,2017,dead,47458
Jeollanam-do,2018,30-39 Years old,51177
Jeollanam-do,2018,40-49 Years old,94824
Jeollanam-do,2018,50-59 Years old,123374
Jeollanam-do,2018,60-69 Years old,106012
Jeollanam-do,2018,70-79 Years old,81978
Jeollanam-do,2018,80 years and over,35179
Jeollanam-do,2018,Under 30 years,8876
Jeollanam-do,2018,dead,45175
Jeollanam-do,2019,30-39 Years old,49466
Jeollanam-do,2019,40-49 Years old,94357
Jeollanam-do,2019,50-59 Years old,125692
Jeollanam-do,2019,60-69 Years old,111490
Jeollanam-do,2019,70-79 Years old,84668
Jeollanam-do,2019,80 years and over,38892
Jeollanam-do,2019,Under 30 years,8677
Jeollanam-do,2019,dead,45090
Jeollanam-do,2020,30-39 Years old,48782
Jeollanam-do,2020,40-49 Years old,96939
Jeollanam-do,2020,50-59 Years old,127256
Jeollanam-do,2020,60-69 Years old,119242
Jeollanam-do,2020,70-79 Years old,86739
Jeollanam-do,2020,80 years and over,42274
Jeollanam-do,2020,Under 30 years,9071
Jeollanam-do,2020,dead,44173
Jeollanam-do,2021,30-39 Years old,48197
Jeollanam-do,2021,40-49 Years old,97769
Jeollanam-do,2021,50-59 Years old,130447
Jeollanam-do,2021,60-69 Years old,127182
Jeollanam-do,2021,70-79 Years old,87547
Jeollanam-do,2021,80 years and over,45397
Jeollanam-do,2021,Under 30 years,9554
Jeollanam-do,2021,dead,42502
Jeollanam-do,2022,30-39 Years old,45240
Jeollanam-do,2022,40-49 Years old,97255
Jeollanam-do,2022,50-59 Years old,132266
Jeollanam-do,2022,60-69 Years old,131961
Jeollanam-do,2022,70-79 Years old,87070
Jeollanam-do,2022,80 years and over,48403
Jeollanam-do,2022,Under 30 years,9164
Jeollanam-do,2022,dead,42183
Jeollanam-do,2023,30-39 Years old,43741
Jeollanam-do,2023,40-49 Years old,96619
Jeollanam-do,2023,50-59 Years old,134662
Jeollanam-do,2023,60-69 Years old,139864
Jeollanam-do,2023,70-79 Years old,89105
Jeollanam-do,2023,80 years and over,51001
Jeollanam-do,2023,Under 30 years,8817
Jeollanam-do,2023,dead,41197
Sejong,2012,30-39 Years old,4437
Sejong,2012,40-49 Years old,6026
Sejong,2012,50-59 Years old,6331
Sejong,2012,60-69 Years old,4451
Sejong,2012,70-79 Years old,3434
Sejong,2012,80 years and over,921
Sejong,2012,Under 30 years,515
Sejong,2012,dead,1050
Sejong,2013,30-39 Years old,4489
Sejong,2013,40-49 Years old,6840
Sejong,2013,50-59 Years old,6861
Sejong,2013,60-69 Years old,4757
Sejong,2013,70-79 Years old,3679
Sejong,2013,80 years and over,1100
Sejong,2013,Under 30 years,522
Sejong,2013,dead,1173
Sejong,2014,30-39 Years old,5462
Sejong,2014,40-49 Years old,8656
Sejong,2014,50-59 Years old,7531
Sejong,2014,60-69 Years old,5014
Sejong,2014,70-79 Years old,3711
Sejong,2014,80 years and over,1081
Sejong,2014,Under 30 years,718
Sejong,2014,dead,1286
Sejong,2015,30-39 Years old,10896
Sejong,2015,40-49 Years old,14642
Sejong,2015,50-59 Years old,10360
Sejong,2015,60-69 Years old,6340
Sejong,2015,70-79 Years old,3869
Sejong,2015,80 years and over,1197
Sejong,2015,Under 30 years,1088
Sejong,2015,dead,1267
Sejong,2016,30-39 Years old,12708
Sejong,2016,40-49 Years old,17907
Sejong,2016,50-59 Years old,12040
Sejong,2016,60-69 Years old,7664
Sejong,2016,70-79 Years old,4119
Sejong,2016,80 years and over,1402
Sejong,2016,Under 30 years,1180
Sejong,2016,dead,1302
Sejong,2017,30-39 Years old,15073
Sejong,2017,40-49 Years old,22006
Sejong,2017,50-59 Years old,14480
Sejong,2017,60-69 Years old,9177
Sejong,2017,70-79 Years old,4656
Sejong,2017,80 years and over,1645
Sejong,2017,Under 30 years,1358
Sejong,2017,dead,1364
Sejong,2018,30-39 Years old,17609
Sejong,2018,40-49 Years old,25735
Sejong,2018,50-59 Years old,17179
Sejong,2018,60-69 Years old,10749
Sejong,2018,70-79 Years old,5072
Sejong,2018,80 years and over,1890
Sejong,2018,Under 30 years,1650
Sejong,2018,dead,1341
Sejong,2019,30-39 Years old,17343
Sejong,2019,40-49 Years old,28177
Sejong,2019,50-59 Years old,19373
Sejong,2019,60-69 Years old,12027
Sejong,2019,70-79 Years old,5509
Sejong,2019,80 years and over,2127
Sejong,2019,Under 30 years,1566
Sejong,2019,dead,1415
Sejong,2020,30-39 Years old,16913
Sejong,2020,40-49 Years old,30303
Sejong,2020,50-59 Years old,21043
Sejong,2020,60-69 Years old,13402
Sejong,2020,70-79 Years old,5987
Sejong,2020,80 years and over,2292
Sejong,2020,Under 30 years,1671
Sejong,2020,dead,1505
Sejong,2021,30-39 Years old,16371
Sejong,2021,40-49 Years old,31995
Sejong,2021,50-59 Years old,23097
Sejong,2021,60-69 Years old,15471
Sejong,2021,70-79 Years old,6277
Sejong,2021,80 years and over,2530
Sejong,2021,Under 30 years,1793
Sejong,2021,dead,1570
Sejong,2022,30-39 Years old,19119
Sejong,2022,40-49 Years old,36987
Sejong,2022,50-59 Years old,26680
Sejong,2022,60-69 Years old,17345
Sejong,2022,70-79 Years old,7070
Sejong,2022,80 years and over,2886
Sejong,2022,Under 30 years,2151
Sejong,2022,dead,1561
Sejong,2023,30-39 Years old,18889
Sejong,2023,40-49 Years old,38697
Sejong,2023,50-59 Years old,28982
Sejong,2023,60-69 Years old,18633
Sejong,2023,70-79 Years old,7539
Sejong,2023,80 years and over,3067
Sejong,2023,Under 30 years,1926
Sejong,2023,dead,1563
Seoul,2012,30-39 Years old,373082
Seoul,2012,40-49 Years old,572673
Seoul,2012,50-59 Years old,600690
Seoul,2012,60-69 Years old,403231
Seoul,2012,70-79 Years old,215806
Seoul,2012,80 years and over,45835
Seoul,2012,Under 30 years,56359
Seoul,2012,dead,18963
Seoul,2013,30-39 Years old,349106
Seoul,2013,40-49 Years old,577806
Seoul,2013,50-59 Years old,610404
Seoul,2013,60-69 Years old,414937
Seoul,2013,70-79 Years old,234031
Seoul,2013,80 years and over,52273
Seoul,2013,Under 30 years,48686
Seoul,2013,dead,19507
Seoul,2014,30-39 Years old,334215
Seoul,2014,40-49 Years old,586890
Seoul,2014,50-59 Years old,617810
Seoul,2014,60-69 Years old,432347
Seoul,2014,70-79 Years old,249074
Seoul,2014,80 years and over,57687
Seoul,2014,Under 30 years,44964
Seoul,2014,dead,20433
Seoul,2015,30-39 Years old,329574
Seoul,2015,40-49 Years old,588654
Seoul,2015,50-59 Years old,615893
Seoul,2015,60-69 Years old,456428
Seoul,2015,70-79 Years old,260688
Seoul,2015,80 years and over,65969
Seoul,2015,Under 30 years,48876
Seoul,2015,dead,20202
Seoul,2016,30-39 Years old,324762
Seoul,2016,40-49 Years old,589865
Seoul,2016,50-59 Years old,614204
Seoul,2016,60-69 Years old,473306
Seoul,2016,70-79 Years old,269801
Seoul,2016,80 years and over,73479
Seoul,2016,Under 30 years,46637
Seoul,2016,dead,20301
Seoul,2017,30-39 Years old,321360
Seoul,2017,40-49 Years old,587296
Seoul,2017,50-59 Years old,609218
Seoul,2017,60-69 Years old,483441
Seoul,2017,70-79 Years old,284739
Seoul,2017,80 years and over,81899
Seoul,2017,Under 30 years,47814
Seoul,2017,dead,20415
Seoul,2018,30-39 Years old,317621
Seoul,2018,40-49 Years old,577124
Seoul,2018,50-59 Years old,611847
Seoul,2018,60-69 Years old,495253
Seoul,2018,70-79 Years old,297209
Seoul,2018,80 years and over,91093
Seoul,2018,Under 30 years,48966
Seoul,2018,dead,20873
Seoul,2019,30-39 Years old,300102
Seoul,2019,40-49 Years old,569096
Seoul,2019,50-59 Years old,617201
Seoul,2019,60-69 Years old,514797
Seoul,2019,70-79 Years old,311186
Seoul,2019,80 years and over,102982
Seoul,2019,Under 30 years,47364
Seoul,2019,dead,20764
Seoul,2020,30-39 Years old,298270
Seoul,2020,40-49 Years old,566321
Seoul,2020,50-59 Years old,621708
Seoul,2020,60-69 Years old,540208
Seoul,2020,70-79 Years old,322830
Seoul,2020,80 years and over,114439
Seoul,2020,Under 30 years,52860
Seoul,2020,dead,19806
Seoul,2021,30-39 Years old,300627
Seoul,2021,40-49 Years old,564074
Seoul,2021,50-59 Years old,631377
Seoul,2021,60-69 Years old,570582
Seoul,2021,70-79 Years old,328358
Seoul,2021,80 years and over,127834
Seoul,2021,Under 30 years,59226
Seoul,2021,dead,19992
Seoul,2022,30-39 Years old,281475
Seoul,2022,40-49 Years old,559966
Seoul,2022,50-59 Years old,641604
Seoul,2022,60-69 Years old,580581
Seoul,2022,70-79 Years old,340628
Seoul,2022,80 years and over,146204
Seoul,2022,Under 30 years,56660
Seoul,2022,dead,21551
Seoul,2023,30-39 Years old,262277
Seoul,2023,40-49 Years old,550483
Seoul,2023,50-59 Years old,650148
Seoul,2023,60-69 Years old,593517
Seoul,2023,70-79 Years old,353318
Seoul,2023,80 years and over,160972
Seoul,2023,Under 30 years,51824
Seoul,2023,dead,20926
Ulsan,2012,30-39 Years old,55821
Ulsan,2012,40-49 Years old,87673
Ulsan,2012,50-59 Years old,81521
Ulsan,2012,60-69 Years old,37214
Ulsan,2012,70-79 Years old,15534
Ulsan,2012,80 years and over,2733
Ulsan,2012,Under 30 years,7736
Ulsan,2012,dead,3202
Ulsan,2013,30-39 Years old,55216
Ulsan,2013,40-49 Years old,88415
Ulsan,2013,50-59 Years old,86721
Ulsan,2013,60-69 Years old,40383
Ulsan,2013,70-79 Years old,17378
Ulsan,2013,80 years and over,3232
Ulsan,2013,Under 30 years,6941
Ulsan,2013,dead,3377
Ulsan,2014,30-39 Years old,55767
Ulsan,2014,40-49 Years old,90026
Ulsan,2014,50-59 Years old,90448
Ulsan,2014,60-69 Years old,43346
Ulsan,2014,70-79 Years old,18221
Ulsan,2014,80 years and over,3520
Ulsan,2014,Under 30 years,6600
Ulsan,2014,dead,3621
Ulsan,2015,30-39 Years old,57793
Ulsan,2015,40-49 Years old,90150
Ulsan,2015,50-59 Years old,94702
Ulsan,2015,60-69 Years old,48320
Ulsan,2015,70-79 Years old,19545
Ulsan,2015,80 years and over,4040
Ulsan,2015,Under 30 years,7345
Ulsan,2015,dead,3555
Ulsan,2016,30-39 Years old,57133
Ulsan,2016,40-49 Years old,88427
Ulsan,2016,50-59 Years old,97254
Ulsan,2016,60-69 Years old,52624
Ulsan,2016,70-79 Years old,20530
Ulsan,2016,80 years and over,4672
Ulsan,2016,Under 30 years,6763
Ulsan,2016,dead,3661
Ulsan,2017,30-39 Years old,55865
Ulsan,2017,40-49 Years old,88118
Ulsan,2017,50-59 Years old,99521
Ulsan,2017,60-69 Years old,56785
Ulsan,2017,70-79 Years old,22455
Ulsan,2017,80 years and over,5251
Ulsan,2017,Under 30 years,6620
Ulsan,2017,dead,3617
Ulsan,2018,30-39 Years old,54574
Ulsan,2018,40-49 Years old,86770
Ulsan,2018,50-59 Years old,102061
Ulsan,2018,60-69 Years old,60336
Ulsan,2018,70-79 Years old,24095
Ulsan,2018,80 years and over,5755
Ulsan,2018,Under 30 years,6484
Ulsan,2018,dead,3809
Ulsan,2019,30-39 Years old,51607
Ulsan,2019,40-49 Years old,86443
Ulsan,2019,50-59 Years old,104087
Ulsan,2019,60-69 Years old,65819
Ulsan,2019,70-79 Years old,26645
Ulsan,2019,80 years and over,6916
Ulsan,2019,Under 30 years,5838
Ulsan,2019,dead,4164
Ulsan,2020,30-39 Years old,49085
Ulsan,2020,40-49 Years old,87153
Ulsan,2020,50-59 Years old,104114
Ulsan,2020,60-69 Years old,71695
Ulsan,2020,70-79 Years old,28610
Ulsan,2020,80 years and over,7854
Ulsan,2020,Under 30 years,6266
Ulsan,2020,dead,4068
Ulsan,2021,30-39 Years old,45286
Ulsan,2021,40-49 Years old,85807
Ulsan,2021,50-59 Years old,102864
Ulsan,2021,60-69 Years old,77854
Ulsan,2021,70-79 Years old,30628
Ulsan,2021,80 years and over,8782
Ulsan,2021,Under 30 years,6334
Ulsan,2021,dead,4086
Ulsan,2022,30-39 Years old,40966
Ulsan,2022,40-49 Years old,84819
Ulsan,2022,50-59 Years old,101822
Ulsan,2022,60-69 Years old,82197
Ulsan,2022,70-79 Years old,33139
Ulsan,2022,80 years and over,10226
Ulsan,2022,Under 30 years,5692
Ulsan,2022,dead,4141
Ulsan,2023,30-39 Years old,36810
Ulsan,2023,40-49 Years old,82728
Ulsan,2023,50-59 Years old,101611
Ulsan,2023,60-69 Years old,86540
Ulsan,2023,70-79 Years old,35819
Ulsan,2023,80 years and over,11585
Ulsan,2023,Under 30 years,4759
Ulsan,2023,dead,4698
Whole country,2012,30-39 Years old,1941927
Whole country,2012,40-49 Years old,3108057
Whole country,2012,50-59 Years old,3090353
Whole country,2012,60-69 Years old,1913052
Whole country,2012,70-79 Years old,1156929
Whole country,2012,80 years and over,264280
Whole country,2012,Under 30 years,282910
Whole country,2012,dead,275290
Whole country,2013,30-39 Years old,1876828
Whole country,2013,40-49 Years old,3166585
Whole country,2013,50-59 Years old,3235769
Whole country,2013,60-69 Years old,2006125
Whole country,2013,70-79 Years old,1259948
Whole country,2013,80 years and over,308122
Whole country,2013,Under 30 years,252730
Whole country,2013,dead,292520
Whole country,2014,30-39 Years old,1841226
Whole country,2014,40-49 Years old,3231720
Whole country,2014,50-59 Years old,3302097
Whole country,2014,60-69 Years old,2089927
Whole country,2014,70-79 Years old,1303758
Whole country,2014,80 years and over,325782
Whole country,2014,Under 30 years,240293
Whole country,2014,dead,315643
Whole country,2015,30-39 Years old,1855775
Whole country,2015,40-49 Years old,3280918
Whole country,2015,50-59 Years old,3376615
Whole country,2015,60-69 Years old,2243668
Whole country,2015,70-79 Years old,1337172
Whole country,2015,80 years and over,366776
Whole country,2015,Under 30 years,275103
Whole country,2015,dead,308565
Whole country,2016,30-39 Years old,1831033
Whole country,2016,40-49 Years old,3291308
Whole country,2016,50-59 Years old,3439685
Whole country,2016,60-69 Years old,2383245
Whole country,2016,70-79 Years old,1375881
Whole country,2016,80 years and over,415544
Whole country,2016,Under 30 years,252840
Whole country,2016,dead,321783
Whole country,2017,30-39 Years old,1805119
Whole country,2017,40-49 Years old,3316590
Whole country,2017,50-59 Years old,3502715
Whole country,2017,60-69 Years old,2516893
Whole country,2017,70-79 Years old,1473092
Whole country,2017,80 years and over,473021
Whole country,2017,Under 30 years,252676
Whole country,2017,dead,329745
Whole country,2018,30-39 Years old,1801650
Whole country,2018,40-49 Years old,3309561
Whole country,2018,50-59 Years old,3600518
Whole country,2018,60-69 Years old,2640555
Whole country,2018,70-79 Years old,1541530
Whole country,2018,80 years and over,535334
Whole country,2018,Under 30 years,257292
Whole country,2018,dead,323850
Whole country,2019,30-39 Years old,1741549
Whole country,2019,40-49 Years old,3316628
Whole country,2019,50-59 Years old,3689400
Whole country,2019,60-69 Years old,2799643
Whole country,2019,70-79 Years old,1612620
Whole country,2019,80 years and over,598223
Whole country,2019,Under 30 years,250362
Whole country,2019,dead,327298
Whole country,2020,30-39 Years old,1680384
Whole country,2020,40-49 Years old,3337805
Whole country,2020,50-59 Years old,3735459
Whole country,2020,60-69 Years old,3011572
Whole country,2020,70-79 Years old,1680030
Whole country,2020,80 years and over,658604
Whole country,2020,Under 30 years,265312
Whole country,2020,dead,327451
Whole country,2021,30-39 Years old,1646737
Whole country,2021,40-49 Years old,3335444
Whole country,2021,50-59 Years old,3793303
Whole country,2021,60-69 Years old,3256053
Whole country,2021,70-79 Years old,1722827
Whole country,2021,80 years and over,723771
Whole country,2021,Under 30 years,291496
Whole country,2021,dead,319529
Whole country,2022,30-39 Years old,1541372
Whole country,2022,40-49 Years old,3324304
Whole country,2022,50-59 Years old,3851520
Whole country,2022,60-69 Years old,3386411
Whole country,2022,70-79 Years old,1794585
Whole country,2022,80 years and over,808358
Whole country,2022,Under 30 years,274062
Whole country,2022,dead,328780
Whole country,2023,30-39 Years old,1479689
Whole country,2023,40-49 Years old,3305362
Whole country,2023,50-59 Years old,3938164
Whole country,2023,60-69 Years old,3553549
Whole country,2023,70-79 Years old,1880330
Whole country,2023,80 years and over,879875
Whole country,2023,Under 30 years,251544
Whole country,2023,dead,329748
